latitude,longitude,route,file,point_index
47.69561269227415,8.640653303824365,036A Zürich-Winterthur-Stein aRh-SH,036AZurich-Winterthur-SteinaRh-SH.gpx,0
47.6914400216192,8.652699729893357,036A Zürich-Winterthur-Stein aRh-SH,036AZurich-Winterthur-SteinaRh-SH.gpx,1
47.686290064360946,8.663990390952677,036A Zürich-Winterthur-Stein aRh-SH,036AZurich-Winterthur-SteinaRh-SH.gpx,2
47.68621046189219,8.677349976729602,036A Zürich-Winterthur-Stein aRh-SH,036AZurich-Winterthur-SteinaRh-SH.gpx,3
47.69174972362816,8.687970240600407,036A Zürich-Winterthur-Stein aRh-SH,036AZurich-Winterthur-SteinaRh-SH.gpx,4
47.69134007766843,8.70132069895044,036A Zürich-Winterthur-Stein aRh-SH,036AZurich-Winterthur-SteinaRh-SH.gpx,5
47.68880979903042,8.71418031398207,036A Zürich-Winterthur-Stein aRh-SH,036AZurich-Winterthur-SteinaRh-SH.gpx,6
47.69221020815894,8.726690085139126,036A Zürich-Winterthur-Stein aRh-SH,036AZurich-Winterthur-SteinaRh-SH.gpx,7
47.690920386929065,8.740170705597848,036A Zürich-Winterthur-Stein aRh-SH,036AZurich-Winterthur-SteinaRh-SH.gpx,8
47.68978989729658,8.753659991547465,036A Zürich-Winterthur-Stein aRh-SH,036AZurich-Winterthur-SteinaRh-SH.gpx,9
47.6858097393997,8.76569062937051,036A Zürich-Winterthur-Stein aRh-SH,036AZurich-Winterthur-SteinaRh-SH.gpx,10
47.67971991049126,8.775540486909449,036A Zürich-Winterthur-Stein aRh-SH,036AZurich-Winterthur-SteinaRh-SH.gpx,11
47.675010095350444,8.786999986041337,036A Zürich-Winterthur-Stein aRh-SH,036AZurich-Winterthur-SteinaRh-SH.gpx,12
47.67495990358293,8.800400257110596,036A Zürich-Winterthur-Stein aRh-SH,036AZurich-Winterthur-SteinaRh-SH.gpx,13
47.67558985762298,8.81396069098264,036A Zürich-Winterthur-Stein aRh-SH,036AZurich-Winterthur-SteinaRh-SH.gpx,14
47.67395996535197,8.827119995839894,036A Zürich-Winterthur-Stein aRh-SH,036AZurich-Winterthur-SteinaRh-SH.gpx,15
47.66777981212363,8.836930371820927,036A Zürich-Winterthur-Stein aRh-SH,036AZurich-Winterthur-SteinaRh-SH.gpx,16
47.662000144366175,8.847169858403504,036A Zürich-Winterthur-Stein aRh-SH,036AZurich-Winterthur-SteinaRh-SH.gpx,17
47.65302020823583,8.845349729061127,036A Zürich-Winterthur-Stein aRh-SH,036AZurich-Winterthur-SteinaRh-SH.gpx,18
47.64769047871232,8.834570212755352,036A Zürich-Winterthur-Stein aRh-SH,036AZurich-Winterthur-SteinaRh-SH.gpx,19
47.641570419538766,8.824360521510243,036A Zürich-Winterthur-Stein aRh-SH,036AZurich-Winterthur-SteinaRh-SH.gpx,20
47.63636040361598,8.813410257920623,036A Zürich-Winterthur-Stein aRh-SH,036AZurich-Winterthur-SteinaRh-SH.gpx,21
47.63219979824498,8.80140064517036,036A Zürich-Winterthur-Stein aRh-SH,036AZurich-Winterthur-SteinaRh-SH.gpx,22
47.623179976362735,8.801920594181865,036A Zürich-Winterthur-Stein aRh-SH,036AZurich-Winterthur-SteinaRh-SH.gpx,23
47.616229810751975,8.81052987743169,036A Zürich-Winterthur-Stein aRh-SH,036AZurich-Winterthur-SteinaRh-SH.gpx,24
47.608269731514156,8.817400141619146,036A Zürich-Winterthur-Stein aRh-SH,036AZurich-Winterthur-SteinaRh-SH.gpx,25
47.59977020137012,8.821800635196269,036A Zürich-Winterthur-Stein aRh-SH,036AZurich-Winterthur-SteinaRh-SH.gpx,26
47.59229006571695,8.813700631726533,036A Zürich-Winterthur-Stein aRh-SH,036AZurich-Winterthur-SteinaRh-SH.gpx,27
47.58580036787316,8.803709898609668,036A Zürich-Winterthur-Stein aRh-SH,036AZurich-Winterthur-SteinaRh-SH.gpx,28
47.57668041391298,8.799649650696665,036A Zürich-Winterthur-Stein aRh-SH,036AZurich-Winterthur-SteinaRh-SH.gpx,29
47.56764022819698,8.799820626154542,036A Zürich-Winterthur-Stein aRh-SH,036AZurich-Winterthur-SteinaRh-SH.gpx,30
47.558650489896536,8.796609598677605,036A Zürich-Winterthur-Stein aRh-SH,036AZurich-Winterthur-SteinaRh-SH.gpx,31
47.550540540833026,8.789760344661772,036A Zürich-Winterthur-Stein aRh-SH,036AZurich-Winterthur-SteinaRh-SH.gpx,32
47.54500006278977,8.779109642840922,036A Zürich-Winterthur-Stein aRh-SH,036AZurich-Winterthur-SteinaRh-SH.gpx,33
47.53923003934324,8.768860596232116,036A Zürich-Winterthur-Stein aRh-SH,036AZurich-Winterthur-SteinaRh-SH.gpx,34
47.53256010264158,8.759040349163115,036A Zürich-Winterthur-Stein aRh-SH,036AZurich-Winterthur-SteinaRh-SH.gpx,35
47.52534018037841,8.751009800937027,036A Zürich-Winterthur-Stein aRh-SH,036AZurich-Winterthur-SteinaRh-SH.gpx,36
47.518319855909795,8.742460542358458,036A Zürich-Winterthur-Stein aRh-SH,036AZurich-Winterthur-SteinaRh-SH.gpx,37
47.511659684590995,8.733420468401164,036A Zürich-Winterthur-Stein aRh-SH,036AZurich-Winterthur-SteinaRh-SH.gpx,38
47.503800543025136,8.726899731904268,036A Zürich-Winterthur-Stein aRh-SH,036AZurich-Winterthur-SteinaRh-SH.gpx,39
47.49661009758711,8.718769827391952,036A Zürich-Winterthur-Stein aRh-SH,036AZurich-Winterthur-SteinaRh-SH.gpx,40
47.48993043741211,8.709700166713446,036A Zürich-Winterthur-Stein aRh-SH,036AZurich-Winterthur-SteinaRh-SH.gpx,41
47.48489988874644,8.698640349786729,036A Zürich-Winterthur-Stein aRh-SH,036AZurich-Winterthur-SteinaRh-SH.gpx,42
47.47997030057013,8.687380689196289,036A Zürich-Winterthur-Stein aRh-SH,036AZurich-Winterthur-SteinaRh-SH.gpx,43
47.474609717261046,8.67661991296336,036A Zürich-Winterthur-Stein aRh-SH,036AZurich-Winterthur-SteinaRh-SH.gpx,44
47.46710033947602,8.669139995705336,036A Zürich-Winterthur-Stein aRh-SH,036AZurich-Winterthur-SteinaRh-SH.gpx,45
47.46320021664724,8.65680026402697,036A Zürich-Winterthur-Stein aRh-SH,036AZurich-Winterthur-SteinaRh-SH.gpx,46
47.456099685747176,8.648380510974675,036A Zürich-Winterthur-Stein aRh-SH,036AZurich-Winterthur-SteinaRh-SH.gpx,47
47.45139967137948,8.636980386450887,036A Zürich-Winterthur-Stein aRh-SH,036AZurich-Winterthur-SteinaRh-SH.gpx,48
47.44375018356368,8.629670668859035,036A Zürich-Winterthur-Stein aRh-SH,036AZurich-Winterthur-SteinaRh-SH.gpx,49
47.44177054380998,8.61639011465013,036A Zürich-Winterthur-Stein aRh-SH,036AZurich-Winterthur-SteinaRh-SH.gpx,50
47.434720186982304,8.608059868216515,036A Zürich-Winterthur-Stein aRh-SH,036AZurich-Winterthur-SteinaRh-SH.gpx,51
47.43424035748467,8.594769923947752,036A Zürich-Winterthur-Stein aRh-SH,036AZurich-Winterthur-SteinaRh-SH.gpx,52
47.426029856316745,8.589340102858841,036A Zürich-Winterthur-Stein aRh-SH,036AZurich-Winterthur-SteinaRh-SH.gpx,53
47.41704990528524,8.590890104416758,036A Zürich-Winterthur-Stein aRh-SH,036AZurich-Winterthur-SteinaRh-SH.gpx,54
47.41297388635576,8.591734825633466,036A Zürich-Winterthur-Stein aRh-SH,036AZurich-Winterthur-SteinaRh-SH.gpx,55
47.49954310664907,8.723981091286987,036B Winterthur-Elgg,036BWinterthur-Elgg.gpx,0
47.50375011051074,8.736300092656165,036B Winterthur-Elgg,036BWinterthur-Elgg.gpx,1
47.502670109737664,8.749581085983664,036B Winterthur-Elgg,036BWinterthur-Elgg.gpx,2
47.50591011159122,8.762060091365129,036B Winterthur-Elgg,036BWinterthur-Elgg.gpx,3
47.50528011191636,8.775490097235888,036B Winterthur-Elgg,036BWinterthur-Elgg.gpx,4
47.50100111356005,8.787540091667324,036B Winterthur-Elgg,036BWinterthur-Elgg.gpx,5
47.49800011049956,8.800120102241635,036B Winterthur-Elgg,036BWinterthur-Elgg.gpx,6
47.49925111141056,8.813421097118407,036B Winterthur-Elgg,036BWinterthur-Elgg.gpx,7
47.497900125104934,8.826601111330092,036B Winterthur-Elgg,036BWinterthur-Elgg.gpx,8
47.49530014535412,8.839430124964565,036B Winterthur-Elgg,036BWinterthur-Elgg.gpx,9
47.49454112444073,8.852781110908836,036B Winterthur-Elgg,036BWinterthur-Elgg.gpx,10
47.4911601273343,8.865120101254433,036B Winterthur-Elgg,036BWinterthur-Elgg.gpx,11
47.48971412330866,8.866862109396607,036B Winterthur-Elgg,036BWinterthur-Elgg.gpx,12
46.99640811327845,6.936024066992104,12bis Neuchâtel - Büren,12bisNeuchatelBueren.gpx,0
46.99649010132998,6.9503600634634495,12bis Neuchâtel - Büren,12bisNeuchatelBueren.gpx,1
47.00302010262385,6.960120071657002,12bis Neuchâtel - Büren,12bisNeuchatelBueren.gpx,2
47.00728110270575,6.971780064981431,12bis Neuchâtel - Büren,12bisNeuchatelBueren.gpx,3
47.01109010074288,6.984200062695891,12bis Neuchâtel - Büren,12bisNeuchatelBueren.gpx,4
47.01858011307195,6.991781079210341,12bis Neuchâtel - Büren,12bisNeuchatelBueren.gpx,5
47.02564011886716,7.000000080093741,12bis Neuchâtel - Büren,12bisNeuchatelBueren.gpx,6
47.03326012799516,7.0071100778877735,12bis Neuchâtel - Büren,12bisNeuchatelBueren.gpx,7
47.038521103560925,7.017840069252998,12bis Neuchâtel - Büren,12bisNeuchatelBueren.gpx,8
47.04705411801115,7.0244070696644485,12bis Neuchâtel - Büren,12bisNeuchatelBueren.gpx,9
47.05286510614678,7.034741066861898,12bis Neuchâtel - Büren,12bisNeuchatelBueren.gpx,10
47.05847012717277,7.045080087147653,12bis Neuchâtel - Büren,12bisNeuchatelBueren.gpx,11
47.060140123125166,7.05840008193627,12bis Neuchâtel - Büren,12bisNeuchatelBueren.gpx,12
47.05178009811789,7.064150073565543,12bis Neuchâtel - Büren,12bisNeuchatelBueren.gpx,13
47.05785010010004,7.074090069159865,12bis Neuchâtel - Büren,12bisNeuchatelBueren.gpx,14
47.06121510080993,7.086541065946221,12bis Neuchâtel - Büren,12bisNeuchatelBueren.gpx,15
47.06713810702786,7.098445069976151,12bis Neuchâtel - Büren,12bisNeuchatelBueren.gpx,16
47.07260010857135,7.10903006605804,12bis Neuchâtel - Büren,12bisNeuchatelBueren.gpx,17
47.078560105059296,7.119050075765699,12bis Neuchâtel - Büren,12bisNeuchatelBueren.gpx,18
47.0836301096715,7.130170071963221,12bis Neuchâtel - Büren,12bisNeuchatelBueren.gpx,19
47.08792011300102,7.14180007064715,12bis Neuchâtel - Büren,12bisNeuchatelBueren.gpx,20
47.09255009936169,7.153200071770698,12bis Neuchâtel - Büren,12bisNeuchatelBueren.gpx,21
47.09695010865107,7.164750071242452,12bis Neuchâtel - Büren,12bisNeuchatelBueren.gpx,22
47.10290010785684,7.1747210724279284,12bis Neuchâtel - Büren,12bisNeuchatelBueren.gpx,23
47.10970011446625,7.18359108036384,12bis Neuchâtel - Büren,12bisNeuchatelBueren.gpx,24
47.11478011356667,7.194540073163807,12bis Neuchâtel - Büren,12bisNeuchatelBueren.gpx,25
47.121411121916026,7.203660088125616,12bis Neuchâtel - Büren,12bisNeuchatelBueren.gpx,26
47.12794011365622,7.213001080323011,12bis Neuchâtel - Büren,12bisNeuchatelBueren.gpx,27
47.133590118959546,7.2232900825329125,12bis Neuchâtel - Büren,12bisNeuchatelBueren.gpx,28
47.13110009720549,7.2361000631935894,12bis Neuchâtel - Büren,12bisNeuchatelBueren.gpx,29
47.12495009833947,7.246030064765364,12bis Neuchâtel - Büren,12bisNeuchatelBueren.gpx,30
47.11947010131553,7.256630063522607,12bis Neuchâtel - Büren,12bisNeuchatelBueren.gpx,31
47.11723009776324,7.269630071241409,12bis Neuchâtel - Büren,12bisNeuchatelBueren.gpx,32
47.122090097051114,7.280870073474944,12bis Neuchâtel - Büren,12bisNeuchatelBueren.gpx,33
47.12557010399178,7.293230067472905,12bis Neuchâtel - Büren,12bisNeuchatelBueren.gpx,34
47.13168009882793,7.303170072846115,12bis Neuchâtel - Büren,12bisNeuchatelBueren.gpx,35
47.13654110068455,7.314550071954727,12bis Neuchâtel - Büren,12bisNeuchatelBueren.gpx,36
47.13870010478422,7.327420070301741,12bis Neuchâtel - Büren,12bisNeuchatelBueren.gpx,37
47.141020100563765,7.34034006902948,12bis Neuchâtel - Büren,12bisNeuchatelBueren.gpx,38
47.13746010186151,7.353050075471401,12bis Neuchâtel - Büren,12bisNeuchatelBueren.gpx,39
47.14038010081276,7.36577007593587,12bis Neuchâtel - Büren,12bisNeuchatelBueren.gpx,40
47.13836210500449,7.371253074146807,12bis Neuchâtel - Büren,12bisNeuchatelBueren.gpx,41
46.130329087376595,5.964801048627123,WF 01 Chancy - Genève Plain...,wf01chancygeneveplain.gpx,0
46.13917807349935,5.967341045383364,WF 01 Chancy - Genève Plain...,wf01chancygeneveplain.gpx,1
46.14823008002713,5.968080039368942,WF 01 Chancy - Genève Plain...,wf01chancygeneveplain.gpx,2
46.15609008120373,5.974440052872524,WF 01 Chancy - Genève Plain...,wf01chancygeneveplain.gpx,3
46.158813084242865,5.986935050692409,WF 01 Chancy - Genève Plain...,wf01chancygeneveplain.gpx,4
46.159570093266666,6.00001005991362,WF 01 Chancy - Genève Plain...,wf01chancygeneveplain.gpx,5
46.16865009162575,6.002170056570321,WF 01 Chancy - Genève Plain...,wf01chancygeneveplain.gpx,6
46.17167908628471,6.014436046825722,WF 01 Chancy - Genève Plain...,wf01chancygeneveplain.gpx,7
46.17532009864226,6.026328051928431,WF 01 Chancy - Genève Plain...,wf01chancygeneveplain.gpx,8
46.173198096919805,6.038996050367132,WF 01 Chancy - Genève Plain...,wf01chancygeneveplain.gpx,9
46.178013091906905,6.050051050959155,WF 01 Chancy - Genève Plain...,wf01chancygeneveplain.gpx,10
46.177311095176265,6.063097061123699,WF 01 Chancy - Genève Plain...,wf01chancygeneveplain.gpx,11
46.17014110367745,6.071000057971105,WF 01 Chancy - Genève Plain...,wf01chancygeneveplain.gpx,12
46.167705091880634,6.08357305615209,WF 01 Chancy - Genève Plain...,wf01chancygeneveplain.gpx,13
46.172426090808585,6.094657051609829,WF 01 Chancy - Genève Plain...,wf01chancygeneveplain.gpx,14
46.17529008467682,6.107031052000821,WF 01 Chancy - Genève Plain...,wf01chancygeneveplain.gpx,15
46.18134608701803,6.116752054309472,WF 01 Chancy - Genève Plain...,wf01chancygeneveplain.gpx,16
46.18926009023562,6.122961055720225,WF 01 Chancy - Genève Plain...,wf01chancygeneveplain.gpx,17
46.19782009185292,6.127020058687776,WF 01 Chancy - Genève Plain...,wf01chancygeneveplain.gpx,18
46.19805008219555,6.141010044841096,WF 01 Chancy - Genève Plain...,wf01chancygeneveplain.gpx,19
46.19814208429307,6.14301705150865,WF 01 Chancy - Genève Plain...,wf01chancygeneveplain.gpx,20
46.198167082387954,6.143019047332928,WF 02 Genève Plainpalais - Versoix,wf02geneveplainpalaisversoix.gpx,0
46.20717008737847,6.142030055401847,WF 02 Genève Plainpalais - Versoix,wf02geneveplainpalaisversoix.gpx,1
46.21207008254714,6.1529700451064855,WF 02 Genève Plainpalais - Versoix,wf02geneveplainpalaisversoix.gpx,2
46.22088008373976,6.149900053394958,WF 02 Genève Plainpalais - Versoix,wf02geneveplainpalaisversoix.gpx,3
46.2293200918939,6.145111047197133,WF 02 Genève Plainpalais - Versoix,wf02geneveplainpalaisversoix.gpx,4
46.238420095993206,6.141930057667196,WF 02 Genève Plainpalais - Versoix,wf02geneveplainpalaisversoix.gpx,5
46.24684108863585,6.147150049451739,WF 02 Genève Plainpalais - Versoix,wf02geneveplainpalaisversoix.gpx,6
46.255540090147406,6.1506100569386035,WF 02 Genève Plainpalais - Versoix,wf02geneveplainpalaisversoix.gpx,7
46.263510088669136,6.156770049827173,WF 02 Genève Plainpalais - Versoix,wf02geneveplainpalaisversoix.gpx,8
46.27214009105228,6.161050056340173,WF 02 Genève Plainpalais - Versoix,wf02geneveplainpalaisversoix.gpx,9
46.2796150832437,6.165330050047487,WF 02 Genève Plainpalais - Versoix,wf02geneveplainpalaisversoix.gpx,10
46.27983708400279,6.165978052187711,WF 03 Versoix - Nyon,wf03versoixnyon.gpx,0
46.28099108906463,6.1530050546862185,WF 03 Versoix - Nyon,wf03versoixnyon.gpx,1
46.28177109407261,6.1399600494187325,WF 03 Versoix - Nyon,wf03versoixnyon.gpx,2
46.28734409692697,6.129670058609918,WF 03 Versoix - Nyon,wf03versoixnyon.gpx,3
46.29624709463678,6.131591063225642,WF 03 Versoix - Nyon,wf03versoixnyon.gpx,4
46.30421809875406,6.13772706175223,WF 03 Versoix - Nyon,wf03versoixnyon.gpx,5
46.31321010412648,6.141130054136738,WF 03 Versoix - Nyon,wf03versoixnyon.gpx,6
46.32156009785831,6.146440061507747,WF 03 Versoix - Nyon,wf03versoixnyon.gpx,7
46.32159009878524,6.159531062003225,WF 03 Versoix - Nyon,wf03versoixnyon.gpx,8
46.319510095752776,6.172440057154745,WF 03 Versoix - Nyon,wf03versoixnyon.gpx,9
46.323450095485896,6.1844390577171,WF 03 Versoix - Nyon,wf03versoixnyon.gpx,10
46.33091009221971,6.19192104972899,WF 03 Versoix - Nyon,wf03versoixnyon.gpx,11
46.339640088612214,6.188370049232617,WF 03 Versoix - Nyon,wf03versoixnyon.gpx,12
46.348480097949505,6.185820060316473,WF 03 Versoix - Nyon,wf03versoixnyon.gpx,13
46.35271009569988,6.197341055376455,WF 03 Versoix - Nyon,wf03versoixnyon.gpx,14
46.358410094166175,6.2078800573945045,WF 03 Versoix - Nyon,wf03versoixnyon.gpx,15
46.366240091854706,6.21536106034182,WF 03 Versoix - Nyon,wf03versoixnyon.gpx,16
46.37585009355098,6.2187410574406385,WF 03 Versoix - Nyon,wf03versoixnyon.gpx,17
46.38036008994095,6.2300310570281,WF 03 Versoix - Nyon,wf03versoixnyon.gpx,18
46.384481087559834,6.236414059763774,WF 03 Versoix - Nyon,wf03versoixnyon.gpx,19
46.38448147615418,6.236416768282652,WF 04 Nyon - Rolle,wf04nyonrolle.gpx,0
46.391130479983985,6.245899921050295,WF 04 Nyon - Rolle,wf04nyonrolle.gpx,1
46.39433020888828,6.258569645229727,WF 04 Nyon - Rolle,wf04nyonrolle.gpx,2
46.399270131019875,6.269570057280362,WF 04 Nyon - Rolle,wf04nyonrolle.gpx,3
46.408119357191026,6.266884569544345,WF 04 Nyon - Rolle,wf04nyonrolle.gpx,4
46.41470974171534,6.257649682695046,WF 04 Nyon - Rolle,wf04nyonrolle.gpx,5
46.42375992750749,6.2591605701018125,WF 04 Nyon - Rolle,wf04nyonrolle.gpx,6
46.42943532112986,6.248950692825019,WF 04 Nyon - Rolle,wf04nyonrolle.gpx,7
46.43752111168578,6.243183912709355,WF 04 Nyon - Rolle,wf04nyonrolle.gpx,8
46.44051248836331,6.255525317974389,WF 04 Nyon - Rolle,wf04nyonrolle.gpx,9
46.44361039274372,6.26786054065451,WF 04 Nyon - Rolle,wf04nyonrolle.gpx,10
46.44885433325544,6.278602351434529,WF 04 Nyon - Rolle,wf04nyonrolle.gpx,11
46.45351008954458,6.2899093211162835,WF 04 Nyon - Rolle,wf04nyonrolle.gpx,12
46.45992705458775,6.299059202428907,WF 04 Nyon - Rolle,wf04nyonrolle.gpx,13
46.466740225674585,6.307869651122019,WF 04 Nyon - Rolle,wf04nyonrolle.gpx,14
46.46598007529974,6.320940515957773,WF 04 Nyon - Rolle,wf04nyonrolle.gpx,15
46.4620199771598,6.332700195955113,WF 04 Nyon - Rolle,wf04nyonrolle.gpx,16
46.46281804819591,6.336865604156628,WF 04 Nyon - Rolle,wf04nyonrolle.gpx,17
46.50939108617604,6.499654052313417,05bis Morges - Murten,wf05bismorgesmurten.gpx,0
46.516060086898506,6.5084900595247746,05bis Morges - Murten,wf05bismorgesmurten.gpx,1
46.515092086046934,6.52148805744946,05bis Morges - Murten,wf05bismorgesmurten.gpx,2
46.510240082163364,6.532621053047478,05bis Morges - Murten,wf05bismorgesmurten.gpx,3
46.5081710848026,6.5455100536346436,05bis Morges - Murten,wf05bismorgesmurten.gpx,4
46.5086700883694,6.558650057762861,05bis Morges - Murten,wf05bismorgesmurten.gpx,5
46.51343208365142,6.569935054983944,05bis Morges - Murten,wf05bismorgesmurten.gpx,6
46.51811008155346,6.581111056730151,05bis Morges - Murten,wf05bismorgesmurten.gpx,7
46.51736908452585,6.594175053294748,05bis Morges - Murten,wf05bismorgesmurten.gpx,8
46.521800096612424,6.605770052410662,05bis Morges - Murten,wf05bismorgesmurten.gpx,9
46.5196111057885,6.61848006490618,05bis Morges - Murten,wf05bismorgesmurten.gpx,10
46.51963011128828,6.631900072097778,05bis Morges - Murten,wf05bismorgesmurten.gpx,11
46.527670128270984,6.637950082775205,05bis Morges - Murten,wf05bismorgesmurten.gpx,12
46.536670142784715,6.6389390914700925,05bis Morges - Murten,wf05bismorgesmurten.gpx,13
46.54577114013955,6.640219090040773,05bis Morges - Murten,wf05bismorgesmurten.gpx,14
46.54684014385566,6.6532200910151005,05bis Morges - Murten,wf05bismorgesmurten.gpx,15
46.542830157559365,6.664941098541021,05bis Morges - Murten,wf05bismorgesmurten.gpx,16
46.54803016735241,6.67564010899514,05bis Morges - Murten,wf05bismorgesmurten.gpx,17
46.552680171560496,6.686951118521392,05bis Morges - Murten,wf05bismorgesmurten.gpx,18
46.559220189228654,6.695990121457726,05bis Morges - Murten,wf05bismorgesmurten.gpx,19
46.566444190684706,6.703840126749128,05bis Morges - Murten,wf05bismorgesmurten.gpx,20
46.5714501850307,6.714710117317736,05bis Morges - Murten,wf05bismorgesmurten.gpx,21
46.57280017621815,6.7277501076459885,05bis Morges - Murten,wf05bismorgesmurten.gpx,22
46.57749017467722,6.739000108558685,05bis Morges - Murten,wf05bismorgesmurten.gpx,23
46.58420117245987,6.7479001129977405,05bis Morges - Murten,wf05bismorgesmurten.gpx,24
46.59268115879968,6.753021098673344,05bis Morges - Murten,wf05bismorgesmurten.gpx,25
46.59985015215352,6.761170094832778,05bis Morges - Murten,wf05bismorgesmurten.gpx,26
46.608639161568135,6.764153101015836,05bis Morges - Murten,wf05bismorgesmurten.gpx,27
46.61653015809134,6.77048110216856,05bis Morges - Murten,wf05bismorgesmurten.gpx,28
46.62505015358329,6.774910097941756,05bis Morges - Murten,wf05bismorgesmurten.gpx,29
46.63399115111679,6.777150104288012,05bis Morges - Murten,wf05bismorgesmurten.gpx,30
46.642628130503,6.78087708260864,05bis Morges - Murten,wf05bismorgesmurten.gpx,31
46.64899011515081,6.790270080789924,05bis Morges - Murten,wf05bismorgesmurten.gpx,32
46.65803011273965,6.78903007414192,05bis Morges - Murten,wf05bismorgesmurten.gpx,33
46.6668081167154,6.792597078252584,05bis Morges - Murten,wf05bismorgesmurten.gpx,34
46.66701611690223,6.805899073369801,05bis Morges - Murten,wf05bismorgesmurten.gpx,35
46.67456011194736,6.813450068235397,05bis Morges - Murten,wf05bismorgesmurten.gpx,36
46.68214811384678,6.8206690778024495,05bis Morges - Murten,wf05bismorgesmurten.gpx,37
46.68990011559799,6.827830079011619,05bis Morges - Murten,wf05bismorgesmurten.gpx,38
46.69461111398414,6.839111080393195,05bis Morges - Murten,wf05bismorgesmurten.gpx,39
46.70154011575505,6.847520076204091,05bis Morges - Murten,wf05bismorgesmurten.gpx,40
46.710667106322944,6.847253075335175,05bis Morges - Murten,wf05bismorgesmurten.gpx,41
46.71887010522187,6.853051071986556,05bis Morges - Murten,wf05bismorgesmurten.gpx,42
46.7267301119864,6.859641068615019,05bis Morges - Murten,wf05bismorgesmurten.gpx,43
46.734050108119845,6.867521074600518,05bis Morges - Murten,wf05bismorgesmurten.gpx,44
46.741711107548326,6.874761076644063,05bis Morges - Murten,wf05bismorgesmurten.gpx,45
46.74927010387182,6.881940072868019,05bis Morges - Murten,wf05bismorgesmurten.gpx,46
46.75670010363683,6.889440067578107,05bis Morges - Murten,wf05bismorgesmurten.gpx,47
46.76440010312945,6.896615066099912,05bis Morges - Murten,wf05bismorgesmurten.gpx,48
46.77147910464555,6.9048980684019625,05bis Morges - Murten,wf05bismorgesmurten.gpx,49
46.77940410235897,6.911147073842585,05bis Morges - Murten,wf05bismorgesmurten.gpx,50
46.78756010578945,6.916751064360142,05bis Morges - Murten,wf05bismorgesmurten.gpx,51
46.79615010134876,6.921261073555797,05bis Morges - Murten,wf05bismorgesmurten.gpx,52
46.80269010271877,6.9304200685583055,05bis Morges - Murten,wf05bismorgesmurten.gpx,53
46.81175910169259,6.929060062393546,05bis Morges - Murten,wf05bismorgesmurten.gpx,54
46.81867010099813,6.937470065895468,05bis Morges - Murten,wf05bismorgesmurten.gpx,55
46.8221301054582,6.949782072100788,05bis Morges - Murten,wf05bismorgesmurten.gpx,56
46.82858010008931,6.959070065524429,05bis Morges - Murten,wf05bismorgesmurten.gpx,57
46.826830103527755,6.971970073878765,05bis Morges - Murten,wf05bismorgesmurten.gpx,58
46.82974011031911,6.98442007182166,05bis Morges - Murten,wf05bismorgesmurten.gpx,59
46.83364012464881,6.996279079467058,05bis Morges - Murten,wf05bismorgesmurten.gpx,60
46.83948014397174,7.006300089880824,05bis Morges - Murten,wf05bismorgesmurten.gpx,61
46.840140137821436,7.019480098504573,05bis Morges - Murten,wf05bismorgesmurten.gpx,62
46.8463891367428,7.028968100436032,05bis Morges - Murten,wf05bismorgesmurten.gpx,63
46.85181612940505,7.03970408719033,05bis Morges - Murten,wf05bismorgesmurten.gpx,64
46.8604371342808,7.043641090393066,05bis Morges - Murten,wf05bismorgesmurten.gpx,65
46.86768013378605,7.051630092319101,05bis Morges - Murten,wf05bismorgesmurten.gpx,66
46.87520711310208,7.058859072625637,05bis Morges - Murten,wf05bismorgesmurten.gpx,67
46.880750104319304,7.048370071221143,05bis Morges - Murten,wf05bismorgesmurten.gpx,68
46.88741010753438,7.057330078911036,05bis Morges - Murten,wf05bismorgesmurten.gpx,69
46.88305111601949,7.06898007215932,05bis Morges - Murten,wf05bismorgesmurten.gpx,70
46.88584010396153,7.0815300764516,05bis Morges - Murten,wf05bismorgesmurten.gpx,71
46.89187011262402,7.0913800722919405,05bis Morges - Murten,wf05bismorgesmurten.gpx,72
46.89778010826558,7.101372078061104,05bis Morges - Murten,wf05bismorgesmurten.gpx,73
46.90687010297552,7.0997410654090345,05bis Morges - Murten,wf05bismorgesmurten.gpx,74
46.91309010516852,7.0901300655677915,05bis Morges - Murten,wf05bismorgesmurten.gpx,75
46.920010100118816,7.098601064644754,05bis Morges - Murten,wf05bismorgesmurten.gpx,76
46.925540099386126,7.109020073432475,05bis Morges - Murten,wf05bismorgesmurten.gpx,77
46.92729710508138,7.114135075360537,05bis Morges - Murten,wf05bismorgesmurten.gpx,78
46.46280612726696,6.336842412594706,WF 05 Rolle - Morges,wf05rollemorges.gpx,0
46.46651045395993,6.324920177925378,WF 05 Rolle - Morges,wf05rollemorges.gpx,1
46.475466813193634,6.327424936695024,WF 05 Rolle - Morges,wf05rollemorges.gpx,2
46.47737108916044,6.340508634690195,WF 05 Rolle - Morges,wf05rollemorges.gpx,3
46.47847690829076,6.353795460658148,WF 05 Rolle - Morges,wf05rollemorges.gpx,4
46.48186882189475,6.3671625482384115,WF 05 Rolle - Morges,wf05rollemorges.gpx,5
46.487397332210094,6.377515924861655,WF 05 Rolle - Morges,wf05rollemorges.gpx,6
46.494209714466706,6.386429182719439,WF 05 Rolle - Morges,wf05rollemorges.gpx,7
46.49722222122364,6.399168471572921,WF 05 Rolle - Morges,wf05rollemorges.gpx,8
46.5022267033346,6.4103965379763395,WF 05 Rolle - Morges,wf05rollemorges.gpx,9
46.498243221547455,6.424498822540045,WF 05 Rolle - Morges,wf05rollemorges.gpx,10
46.49314834130928,6.435498490929604,WF 05 Rolle - Morges,wf05rollemorges.gpx,11
46.48796927672811,6.446250142529607,WF 05 Rolle - Morges,wf05rollemorges.gpx,12
46.49462727969512,6.4562521278858185,WF 05 Rolle - Morges,wf05rollemorges.gpx,13
46.497844161931425,6.468457475770265,WF 05 Rolle - Morges,wf05rollemorges.gpx,14
46.4924791441299,6.47896917280741,WF 05 Rolle - Morges,wf05rollemorges.gpx,15
46.50033045350574,6.48539974540472,WF 05 Rolle - Morges,wf05rollemorges.gpx,16
46.505521410144866,6.496070167515427,WF 05 Rolle - Morges,wf05rollemorges.gpx,17
46.51086478680372,6.493535159155726,WF 05 Rolle - Morges,wf05rollemorges.gpx,18
46.51085947663523,6.4935456761159,WF 06 Morges - Cossonay,wf06morgescossonay.gpx,0
46.51491996482946,6.505230152513832,WF 06 Morges - Cossonay,wf06morgescossonay.gpx,1
46.51589345023967,6.518234336748719,WF 06 Morges - Cossonay,wf06morgescossonay.gpx,2
46.51176242996007,6.529844374395907,WF 06 Morges - Cossonay,wf06morgescossonay.gpx,3
46.50957200396806,6.542527956655249,WF 06 Morges - Cossonay,wf06morgescossonay.gpx,4
46.51841498911381,6.545459532178938,WF 06 Morges - Cossonay,wf06morgescossonay.gpx,5
46.52735268580727,6.547746619442478,WF 06 Morges - Cossonay,wf06morgescossonay.gpx,6
46.535929433535784,6.551855030702427,WF 06 Morges - Cossonay,wf06morgescossonay.gpx,7
46.54498672299087,6.5505824878346175,WF 06 Morges - Cossonay,wf06morgescossonay.gpx,8
46.55345598561689,6.546142561128363,WF 06 Morges - Cossonay,wf06morgescossonay.gpx,9
46.561396865407005,6.53952411795035,WF 06 Morges - Cossonay,wf06morgescossonay.gpx,10
46.5704330324661,6.53991635190323,WF 06 Morges - Cossonay,wf06morgescossonay.gpx,11
46.57951744948514,6.539586428087205,WF 06 Morges - Cossonay,wf06morgescossonay.gpx,12
46.58607725286856,6.53040211671032,WF 06 Morges - Cossonay,wf06morgescossonay.gpx,13
46.59504615678452,6.532283185981214,WF 06 Morges - Cossonay,wf06morgescossonay.gpx,14
46.603286078432575,6.526478762505576,WF 06 Morges - Cossonay,wf06morgescossonay.gpx,15
46.60580278025009,6.523628516355529,WF 06 Morges - Cossonay,wf06morgescossonay.gpx,16
46.60604091058485,6.5234835057053715,WF 07 Cossonay - Romainmôtier,wf07cossonayromainmotier.gpx,0
46.612099915975705,6.513160326518118,WF 07 Cossonay - Romainmôtier,wf07cossonayromainmotier.gpx,1
46.616630158852786,6.501819475321099,WF 07 Cossonay - Romainmôtier,wf07cossonayromainmotier.gpx,2
46.61653037369251,6.488389482256025,WF 07 Cossonay - Romainmôtier,wf07cossonayromainmotier.gpx,3
46.61429031426087,6.475670063635334,WF 07 Cossonay - Romainmôtier,wf07cossonayromainmotier.gpx,4
46.617070198757574,6.462910542264581,WF 07 Cossonay - Romainmôtier,wf07cossonayromainmotier.gpx,5
46.621200260473415,6.451020655455068,WF 07 Cossonay - Romainmôtier,wf07cossonayromainmotier.gpx,6
46.62476993026212,6.438870312646031,WF 07 Cossonay - Romainmôtier,wf07cossonayromainmotier.gpx,7
46.6282404367812,6.426739790244028,WF 07 Cossonay - Romainmôtier,wf07cossonayromainmotier.gpx,8
46.622520038392395,6.416620558127761,WF 07 Cossonay - Romainmôtier,wf07cossonayromainmotier.gpx,9
46.63107036612928,6.412549933651462,WF 07 Cossonay - Romainmôtier,wf07cossonayromainmotier.gpx,10
46.639819886302575,6.409430317813531,WF 07 Cossonay - Romainmôtier,wf07cossonayromainmotier.gpx,11
46.64863990037702,6.412520110374317,WF 07 Cossonay - Romainmôtier,wf07cossonayromainmotier.gpx,12
46.65543151390739,6.421570569742471,WF 07 Cossonay - Romainmôtier,wf07cossonayromainmotier.gpx,13
46.662011415697634,6.430569754913449,WF 07 Cossonay - Romainmôtier,wf07cossonayromainmotier.gpx,14
46.6690903021954,6.439720005495474,WF 07 Cossonay - Romainmôtier,wf07cossonayromainmotier.gpx,15
46.67532016639598,6.449190147453919,WF 07 Cossonay - Romainmôtier,wf07cossonayromainmotier.gpx,16
46.683110079029575,6.456470698583871,WF 07 Cossonay - Romainmôtier,wf07cossonayromainmotier.gpx,17
46.691549964947626,6.4610300422646105,WF 07 Cossonay - Romainmôtier,wf07cossonayromainmotier.gpx,18
46.69366245926358,6.460738076129928,WF 07 Cossonay - Romainmôtier,wf07cossonayromainmotier.gpx,19
46.693642356200144,6.460701832314953,WF 08 Romainmôtier - Orbe,wf08romainmotierorbe.gpx,0
46.69932145322673,6.470889445161447,WF 08 Romainmôtier - Orbe,wf08romainmotierorbe.gpx,1
46.70844046911225,6.4704196229577065,WF 08 Romainmôtier - Orbe,wf08romainmotierorbe.gpx,2
46.71696027950384,6.47514012735337,WF 08 Romainmôtier - Orbe,wf08romainmotierorbe.gpx,3
46.72532989829779,6.470320090884343,WF 08 Romainmôtier - Orbe,wf08romainmotierorbe.gpx,4
46.72638139966875,6.483409694861621,WF 08 Romainmôtier - Orbe,wf08romainmotierorbe.gpx,5
46.728970042662695,6.4959901496768,WF 08 Romainmôtier - Orbe,wf08romainmotierorbe.gpx,6
46.73066984745674,6.50896001025103,WF 08 Romainmôtier - Orbe,wf08romainmotierorbe.gpx,7
46.727400130359456,6.521210666745901,WF 08 Romainmôtier - Orbe,wf08romainmotierorbe.gpx,8
46.72422631038353,6.53052659961395,WF 08 Romainmôtier - Orbe,wf08romainmotierorbe.gpx,9
46.72421370702796,6.530525504145771,WF 09 Orbe - Yverdon-les-Bains,wf09orbeyverdonlesbains.gpx,0
46.72614972945303,6.517650057096034,WF 09 Orbe - Yverdon-les-Bains,wf09orbeyverdonlesbains.gpx,1
46.73518024990335,6.515569583280012,WF 09 Orbe - Yverdon-les-Bains,wf09orbeyverdonlesbains.gpx,2
46.74409967986867,6.517659704200923,WF 09 Orbe - Yverdon-les-Bains,wf09orbeyverdonlesbains.gpx,3
46.752860276727006,6.520699535496533,WF 09 Orbe - Yverdon-les-Bains,wf09orbeyverdonlesbains.gpx,4
46.75782985216938,6.531730723800138,WF 09 Orbe - Yverdon-les-Bains,wf09orbeyverdonlesbains.gpx,5
46.76692013605498,6.532949588261545,WF 09 Orbe - Yverdon-les-Bains,wf09orbeyverdonlesbains.gpx,6
46.77402038429864,6.541100129019469,WF 09 Orbe - Yverdon-les-Bains,wf09orbeyverdonlesbains.gpx,7
46.77305978978984,6.5543602800462395,WF 09 Orbe - Yverdon-les-Bains,wf09orbeyverdonlesbains.gpx,8
46.76822043210268,6.5655106864869595,WF 09 Orbe - Yverdon-les-Bains,wf09orbeyverdonlesbains.gpx,9
46.76929995208047,6.5794799900613725,WF 09 Orbe - Yverdon-les-Bains,wf09orbeyverdonlesbains.gpx,10
46.768079680390656,6.592530217953026,WF 09 Orbe - Yverdon-les-Bains,wf09orbeyverdonlesbains.gpx,11
46.77491022995673,6.601169540314004,WF 09 Orbe - Yverdon-les-Bains,wf09orbeyverdonlesbains.gpx,12
46.78373044775799,6.604200154542923,WF 09 Orbe - Yverdon-les-Bains,wf09orbeyverdonlesbains.gpx,13
46.78155975998379,6.617460280191153,WF 09 Orbe - Yverdon-les-Bains,wf09orbeyverdonlesbains.gpx,14
46.78276144922711,6.630529853515327,WF 09 Orbe - Yverdon-les-Bains,wf09orbeyverdonlesbains.gpx,15
46.7810827975627,6.640614915173501,WF 09 Orbe - Yverdon-les-Bains,wf09orbeyverdonlesbains.gpx,16
46.781529447995126,6.640936984913424,WF 10 Yverdon-les-Bains - St-Aubin,wf10yverdonlesbainsstaubin.gpx,0
46.79013007343747,6.636660125339404,WF 10 Yverdon-les-Bains - St-Aubin,wf10yverdonlesbainsstaubin.gpx,1
46.79872989910655,6.632419898174703,WF 10 Yverdon-les-Bains - St-Aubin,wf10yverdonlesbainsstaubin.gpx,2
46.80569053068757,6.640940137673169,WF 10 Yverdon-les-Bains - St-Aubin,wf10yverdonlesbainsstaubin.gpx,3
46.811479998752475,6.651130704442039,WF 10 Yverdon-les-Bains - St-Aubin,wf10yverdonlesbainsstaubin.gpx,4
46.817370399134234,6.661880226340145,WF 10 Yverdon-les-Bains - St-Aubin,wf10yverdonlesbainsstaubin.gpx,5
46.82091989507899,6.673960218206048,WF 10 Yverdon-les-Bains - St-Aubin,wf10yverdonlesbainsstaubin.gpx,6
46.82657998241484,6.684220594353974,WF 10 Yverdon-les-Bains - St-Aubin,wf10yverdonlesbainsstaubin.gpx,7
46.832759846467525,6.693770717363805,WF 10 Yverdon-les-Bains - St-Aubin,wf10yverdonlesbainsstaubin.gpx,8
46.83806979213841,6.7045606293249875,WF 10 Yverdon-les-Bains - St-Aubin,wf10yverdonlesbainsstaubin.gpx,9
46.84473005752079,6.7135396206285805,WF 10 Yverdon-les-Bains - St-Aubin,wf10yverdonlesbainsstaubin.gpx,10
46.85153002734296,6.722390464041382,WF 10 Yverdon-les-Bains - St-Aubin,wf10yverdonlesbainsstaubin.gpx,11
46.85570002743043,6.734469963237643,WF 10 Yverdon-les-Bains - St-Aubin,wf10yverdonlesbainsstaubin.gpx,12
46.86056972993538,6.745549533748999,WF 10 Yverdon-les-Bains - St-Aubin,wf10yverdonlesbainsstaubin.gpx,13
46.86807037657127,6.753159887390211,WF 10 Yverdon-les-Bains - St-Aubin,wf10yverdonlesbainsstaubin.gpx,14
46.87624993757345,6.7588498196564615,WF 10 Yverdon-les-Bains - St-Aubin,wf10yverdonlesbainsstaubin.gpx,15
46.88489978155121,6.763340306933969,WF 10 Yverdon-les-Bains - St-Aubin,wf10yverdonlesbainsstaubin.gpx,16
46.891109734307975,6.772889741230756,WF 10 Yverdon-les-Bains - St-Aubin,wf10yverdonlesbainsstaubin.gpx,17
46.898569993674755,6.780689817387611,WF 10 Yverdon-les-Bains - St-Aubin,wf10yverdonlesbainsstaubin.gpx,18
46.8990265422035,6.781240671407431,WF 10 Yverdon-les-Bains - St-Aubin,wf10yverdonlesbainsstaubin.gpx,19
46.89846186363138,6.78128302260302,WF 11 St-Aubin - Neuchâtel,wf11staubinneuchatel.gpx,0
46.90437022619881,6.791219880571589,WF 11 St-Aubin - Neuchâtel,wf11staubinneuchatel.gpx,1
46.911360282916576,6.799619412515312,WF 11 St-Aubin - Neuchâtel,wf11staubinneuchatel.gpx,2
46.917820058064535,6.808870196575299,WF 11 St-Aubin - Neuchâtel,wf11staubinneuchatel.gpx,3
46.92329031531699,6.819420048035681,WF 11 St-Aubin - Neuchâtel,wf11staubinneuchatel.gpx,4
46.92734034685418,6.831200120970607,WF 11 St-Aubin - Neuchâtel,wf11staubinneuchatel.gpx,5
46.93406978179701,6.840049944119528,WF 11 St-Aubin - Neuchâtel,wf11staubinneuchatel.gpx,6
46.93988989247009,6.850629874970764,WF 11 St-Aubin - Neuchâtel,wf11staubinneuchatel.gpx,7
46.94527028570883,6.861260171281174,WF 11 St-Aubin - Neuchâtel,wf11staubinneuchatel.gpx,8
46.951200261479244,6.8713600020855665,WF 11 St-Aubin - Neuchâtel,wf11staubinneuchatel.gpx,9
46.960110027110204,6.874049769947305,WF 11 St-Aubin - Neuchâtel,wf11staubinneuchatel.gpx,10
46.96919002011418,6.874060530913994,WF 11 St-Aubin - Neuchâtel,wf11staubinneuchatel.gpx,11
46.97606019792147,6.882589941145852,WF 11 St-Aubin - Neuchâtel,wf11staubinneuchatel.gpx,12
46.978300348389894,6.895379902794957,WF 11 St-Aubin - Neuchâtel,wf11staubinneuchatel.gpx,13
46.98108037095517,6.907930297311395,WF 11 St-Aubin - Neuchâtel,wf11staubinneuchatel.gpx,14
46.987159945536405,6.917830207152292,WF 11 St-Aubin - Neuchâtel,wf11staubinneuchatel.gpx,15
46.98925997596234,6.930950276553631,WF 11 St-Aubin - Neuchâtel,wf11staubinneuchatel.gpx,16
46.99641575431451,6.936045452021062,WF 11 St-Aubin - Neuchâtel,wf11staubinneuchatel.gpx,17
46.99637747881934,6.935932743130252,WF 12 Neuchâtel - Ins,wf12neuchatelins.gpx,0
46.99649034300819,6.950359746115282,WF 12 Neuchâtel - Ins,wf12neuchatelins.gpx,1
47.00301987724379,6.960119928931817,WF 12 Neuchâtel - Ins,wf12neuchatelins.gpx,2
47.00728053669445,6.971780188381672,WF 12 Neuchâtel - Ins,wf12neuchatelins.gpx,3
47.011089658597484,6.984199685277417,WF 12 Neuchâtel - Ins,wf12neuchatelins.gpx,4
47.006769738625735,6.99578993441537,WF 12 Neuchâtel - Ins,wf12neuchatelins.gpx,5
47.00792802963406,7.009396117879078,WF 12 Neuchâtel - Ins,wf12neuchatelins.gpx,6
47.00693944422528,7.023278602166101,WF 12 Neuchâtel - Ins,wf12neuchatelins.gpx,7
47.008835449581966,7.036310440860689,WF 12 Neuchâtel - Ins,wf12neuchatelins.gpx,8
47.00061644031666,7.045331569621339,WF 12 Neuchâtel - Ins,wf12neuchatelins.gpx,9
47.001050440827385,7.058759590378031,WF 12 Neuchâtel - Ins,wf12neuchatelins.gpx,10
47.00561047089286,7.070139771094546,WF 12 Neuchâtel - Ins,wf12neuchatelins.gpx,11
47.002630030270666,7.08280952856876,WF 12 Neuchâtel - Ins,wf12neuchatelins.gpx,12
47.00039980234578,7.096250121947378,WF 12 Neuchâtel - Ins,wf12neuchatelins.gpx,13
46.99995351489633,7.099829292856157,WF 12 Neuchâtel - Ins,wf12neuchatelins.gpx,14
46.999972310848534,7.099797618109733,WF 13 Ins - Gümmenen,wf13insgummenen.gpx,0
46.99100017989986,7.0942700151354074,WF 13 Ins - Gümmenen,wf13insgummenen.gpx,1
46.982169987400994,7.097399877384305,WF 13 Ins - Gümmenen,wf13insgummenen.gpx,2
46.973209710558876,7.096149415476248,WF 13 Ins - Gümmenen,wf13insgummenen.gpx,3
46.9690100569278,7.1081303199753165,WF 13 Ins - Gümmenen,wf13insgummenen.gpx,4
46.96393021591939,7.119430019753054,WF 13 Ins - Gümmenen,wf13insgummenen.gpx,5
46.955549689009786,7.124740182189271,WF 13 Ins - Gümmenen,wf13insgummenen.gpx,6
46.94802975747734,7.132389720296487,WF 13 Ins - Gümmenen,wf13insgummenen.gpx,7
46.93944037426263,7.128129796823487,WF 13 Ins - Gümmenen,wf13insgummenen.gpx,8
46.93277022149414,7.119270406663418,WF 13 Ins - Gümmenen,wf13insgummenen.gpx,9
46.93076005484909,7.132160224020481,WF 13 Ins - Gümmenen,wf13insgummenen.gpx,10
46.92760014976375,7.144510457292199,WF 13 Ins - Gümmenen,wf13insgummenen.gpx,11
46.929859852883965,7.157749870559201,WF 13 Ins - Gümmenen,wf13insgummenen.gpx,12
46.93400040874258,7.16970979841426,WF 13 Ins - Gümmenen,wf13insgummenen.gpx,13
46.93732006032951,7.18199069192633,WF 13 Ins - Gümmenen,wf13insgummenen.gpx,14
46.93848967947997,7.195229816716164,WF 13 Ins - Gümmenen,wf13insgummenen.gpx,15
46.94073011004366,7.2080800861585885,WF 13 Ins - Gümmenen,wf13insgummenen.gpx,16
46.94346981518902,7.220759964780882,WF 13 Ins - Gümmenen,wf13insgummenen.gpx,17
46.94265045854263,7.233919734600931,WF 13 Ins - Gümmenen,wf13insgummenen.gpx,18
46.94202523725107,7.234391011297703,WF 13 Ins - Gümmenen,wf13insgummenen.gpx,19
46.94183011353016,7.234582080272958,WF 14 Gümmenen - Bern,wf14gummenenbern.gpx,0
46.94531011139043,7.246830081567168,WF 14 Gümmenen - Bern,wf14gummenenbern.gpx,1
46.95302012911998,7.253740088548511,WF 14 Gümmenen - Bern,wf14gummenenbern.gpx,2
46.95164014142938,7.26689909840934,WF 14 Gümmenen - Bern,wf14gummenenbern.gpx,3
46.95372114609927,7.279951106524095,WF 14 Gümmenen - Bern,wf14gummenenbern.gpx,4
46.953270150581375,7.293160105589777,WF 14 Gümmenen - Bern,wf14gummenenbern.gpx,5
46.94881013943814,7.304620099021122,WF 14 Gümmenen - Bern,wf14gummenenbern.gpx,6
46.95081014139578,7.317770098336041,WF 14 Gümmenen - Bern,wf14gummenenbern.gpx,7
46.94847012683749,7.330610090633854,WF 14 Gümmenen - Bern,wf14gummenenbern.gpx,8
46.9462101245299,7.343381083570421,WF 14 Gümmenen - Bern,wf14gummenenbern.gpx,9
46.94699012581259,7.356750090839341,WF 14 Gümmenen - Bern,wf14gummenenbern.gpx,10
46.94682011473924,7.37013108539395,WF 14 Gümmenen - Bern,wf14gummenenbern.gpx,11
46.95389010896906,7.378370080376044,WF 14 Gümmenen - Bern,wf14gummenenbern.gpx,12
46.9616501100827,7.385120084974915,WF 14 Gümmenen - Bern,wf14gummenenbern.gpx,13
46.96110012358986,7.398390086367726,WF 14 Gümmenen - Bern,wf14gummenenbern.gpx,14
46.956180127803236,7.411060084821656,WF 14 Gümmenen - Bern,wf14gummenenbern.gpx,15
46.95639012590982,7.4246400855481625,WF 14 Gümmenen - Bern,wf14gummenenbern.gpx,16
46.951080123195425,7.4353200872428715,WF 14 Gümmenen - Bern,wf14gummenenbern.gpx,17
46.94840612029657,7.440251087537035,WF 14 Gümmenen - Bern,wf14gummenenbern.gpx,18
46.94840111909434,7.440226090839133,WF 15 Bern - Aarberg,wf15bernaarberg.gpx,0
46.95740012382157,7.438081095693633,WF 15 Bern - Aarberg,wf15bernaarberg.gpx,1
46.966360128251836,7.440100088948384,WF 15 Bern - Aarberg,wf15bernaarberg.gpx,2
46.97032012138516,7.427991081960499,WF 15 Bern - Aarberg,wf15bernaarberg.gpx,3
46.976651129545644,7.418370089726523,WF 15 Bern - Aarberg,wf15bernaarberg.gpx,4
46.97850013175048,7.405070089967921,WF 15 Bern - Aarberg,wf15bernaarberg.gpx,5
46.978600134607404,7.391830093692988,WF 15 Bern - Aarberg,wf15bernaarberg.gpx,6
46.98640013532713,7.38523009349592,WF 15 Bern - Aarberg,wf15bernaarberg.gpx,7
46.99349114438519,7.3771100954618305,WF 15 Bern - Aarberg,wf15bernaarberg.gpx,8
47.002260140608996,7.37384909694083,WF 15 Bern - Aarberg,wf15bernaarberg.gpx,9
47.00916014472023,7.365241104038432,WF 15 Bern - Aarberg,wf15bernaarberg.gpx,10
47.01258017029613,7.3529701181687415,WF 15 Bern - Aarberg,wf15bernaarberg.gpx,11
47.00872016791254,7.340850112261251,WF 15 Bern - Aarberg,wf15bernaarberg.gpx,12
47.01458017807454,7.330241120187566,WF 15 Bern - Aarberg,wf15bernaarberg.gpx,13
47.02332015498541,7.32599010085687,WF 15 Bern - Aarberg,wf15bernaarberg.gpx,14
47.021980138961226,7.3129300938453525,WF 15 Bern - Aarberg,wf15bernaarberg.gpx,15
47.022230128990486,7.299710088176653,WF 15 Bern - Aarberg,wf15bernaarberg.gpx,16
47.02864011609927,7.2904500789009035,WF 15 Bern - Aarberg,wf15bernaarberg.gpx,17
47.03631011536345,7.283220078097656,WF 15 Bern - Aarberg,wf15bernaarberg.gpx,18
47.04491010657512,7.279150067362934,WF 15 Bern - Aarberg,wf15bernaarberg.gpx,19
47.04465510090813,7.2784850732423365,WF 15 Bern - Aarberg,wf15bernaarberg.gpx,20
47.044628420844674,7.278465348994359,WF 16 Aarberg - Büren an der Aare,wf16aarbergburenanderaare.gpx,0
47.05361741245724,7.2773775204550475,WF 16 Aarberg - Büren an der Aare,wf16aarbergburenanderaare.gpx,1
47.059479739982635,7.287430570926517,WF 16 Aarberg - Büren an der Aare,wf16aarbergburenanderaare.gpx,2
47.06849033432081,7.289029530482367,WF 16 Aarberg - Büren an der Aare,wf16aarbergburenanderaare.gpx,3
47.07709989370778,7.294989753281698,WF 16 Aarberg - Büren an der Aare,wf16aarbergburenanderaare.gpx,4
47.07215445768088,7.306125598261133,WF 16 Aarberg - Büren an der Aare,wf16aarbergburenanderaare.gpx,5
47.07717545772903,7.294994816184044,WF 16 Aarberg - Büren an der Aare,wf16aarbergburenanderaare.gpx,6
47.085409863619134,7.300429854309186,WF 16 Aarberg - Büren an der Aare,wf16aarbergburenanderaare.gpx,7
47.0925201298669,7.308640515198931,WF 16 Aarberg - Büren an der Aare,wf16aarbergburenanderaare.gpx,8
47.10111025557853,7.312620128970593,WF 16 Aarberg - Büren an der Aare,wf16aarbergburenanderaare.gpx,9
47.1088297967799,7.319410579744726,WF 16 Aarberg - Büren an der Aare,wf16aarbergburenanderaare.gpx,10
47.11705049360171,7.324950124369934,WF 16 Aarberg - Büren an der Aare,wf16aarbergburenanderaare.gpx,11
47.12257976690307,7.335470320656896,WF 16 Aarberg - Büren an der Aare,wf16aarbergburenanderaare.gpx,12
47.12885048636235,7.345309998374432,WF 16 Aarberg - Büren an der Aare,wf16aarbergburenanderaare.gpx,13
47.13759145163931,7.341810612240806,WF 16 Aarberg - Büren an der Aare,wf16aarbergburenanderaare.gpx,14
47.13782967161387,7.355250525753945,WF 16 Aarberg - Büren an der Aare,wf16aarbergburenanderaare.gpx,15
47.1408399597276,7.368100252002478,WF 16 Aarberg - Büren an der Aare,wf16aarbergburenanderaare.gpx,16
47.138304389081895,7.371168479323387,WF 16 Aarberg - Büren an der Aare,wf16aarbergburenanderaare.gpx,17
47.13817131659016,7.371254333062097,WF 17 Büren an der Aare - Solothurn,wf17burenanderaaresolothurn.gpx,0
47.1437998469919,7.381960011553019,WF 17 Büren an der Aare - Solothurn,wf17burenanderaaresolothurn.gpx,1
47.1520203857217,7.388020428130403,WF 17 Büren an der Aare - Solothurn,wf17burenanderaaresolothurn.gpx,2
47.15996996243484,7.394379655364901,WF 17 Büren an der Aare - Solothurn,wf17burenanderaaresolothurn.gpx,3
47.16154044843279,7.407799571985379,WF 17 Büren an der Aare - Solothurn,wf17burenanderaaresolothurn.gpx,4
47.16775989392772,7.417420145822689,WF 17 Büren an der Aare - Solothurn,wf17burenanderaaresolothurn.gpx,5
47.174080142751336,7.426839793566614,WF 17 Büren an der Aare - Solothurn,wf17burenanderaaresolothurn.gpx,6
47.18293037894182,7.430019857594743,WF 17 Büren an der Aare - Solothurn,wf17burenanderaaresolothurn.gpx,7
47.18726981082,7.441889872774482,WF 17 Büren an der Aare - Solothurn,wf17burenanderaaresolothurn.gpx,8
47.18977025151253,7.454860453493893,WF 17 Büren an der Aare - Solothurn,wf17burenanderaaresolothurn.gpx,9
47.191050390247256,7.468050641939044,WF 17 Büren an der Aare - Solothurn,wf17burenanderaaresolothurn.gpx,10
47.19474985753186,7.480220657773316,WF 17 Büren an der Aare - Solothurn,wf17burenanderaaresolothurn.gpx,11
47.203369793947786,7.484219651669264,WF 17 Büren an der Aare - Solothurn,wf17burenanderaaresolothurn.gpx,12
47.2027000063099,7.497620321111754,WF 17 Büren an der Aare - Solothurn,wf17burenanderaaresolothurn.gpx,13
47.19689013552852,7.507809663424268,WF 17 Büren an der Aare - Solothurn,wf17burenanderaaresolothurn.gpx,14
47.199019780848175,7.520740236155689,WF 17 Büren an der Aare - Solothurn,wf17burenanderaaresolothurn.gpx,15
47.20352000719868,7.532399751478806,WF 17 Büren an der Aare - Solothurn,wf17burenanderaaresolothurn.gpx,16
47.20432654954493,7.5432621070649475,WF 17 Büren an der Aare - Solothurn,wf17burenanderaaresolothurn.gpx,17
47.204430018085986,7.543229311704636,WF 18 Solothurn - Aarwangen,wf18solothurnaarwangen.gpx,0
47.210960478987545,7.552450322080404,WF 18 Solothurn - Aarwangen,wf18solothurnaarwangen.gpx,1
47.216920010978356,7.562440610956401,WF 18 Solothurn - Aarwangen,wf18solothurnaarwangen.gpx,2
47.22108027432114,7.574290214339271,WF 18 Solothurn - Aarwangen,wf18solothurnaarwangen.gpx,3
47.22497006924823,7.586379908258095,WF 18 Solothurn - Aarwangen,wf18solothurnaarwangen.gpx,4
47.23023011162877,7.597280407557264,WF 18 Solothurn - Aarwangen,wf18solothurnaarwangen.gpx,5
47.23038014792837,7.610629630275071,WF 18 Solothurn - Aarwangen,wf18solothurnaarwangen.gpx,6
47.2296898518689,7.624279739102349,WF 18 Solothurn - Aarwangen,wf18solothurnaarwangen.gpx,7
47.23394994973205,7.636089839739725,WF 18 Solothurn - Aarwangen,wf18solothurnaarwangen.gpx,8
47.237100216094404,7.648659515660256,WF 18 Solothurn - Aarwangen,wf18solothurnaarwangen.gpx,9
47.234839665936306,7.6617298582568765,WF 18 Solothurn - Aarwangen,wf18solothurnaarwangen.gpx,10
47.23596000741236,7.6750503848306835,WF 18 Solothurn - Aarwangen,wf18solothurnaarwangen.gpx,11
47.234519915888086,7.6883304957300425,WF 18 Solothurn - Aarwangen,wf18solothurnaarwangen.gpx,12
47.23292014258914,7.70154044451192,WF 18 Solothurn - Aarwangen,wf18solothurnaarwangen.gpx,13
47.229000258492306,7.713520195800811,WF 18 Solothurn - Aarwangen,wf18solothurnaarwangen.gpx,14
47.2280899817124,7.726809653220698,WF 18 Solothurn - Aarwangen,wf18solothurnaarwangen.gpx,15
47.23360990686342,7.737469935789704,WF 18 Solothurn - Aarwangen,wf18solothurnaarwangen.gpx,16
47.23983046412468,7.747110276948661,WF 18 Solothurn - Aarwangen,wf18solothurnaarwangen.gpx,17
47.24336968921125,7.75939045404084,WF 18 Solothurn - Aarwangen,wf18solothurnaarwangen.gpx,18
47.24529525777325,7.763639311306179,WF 18 Solothurn - Aarwangen,wf18solothurnaarwangen.gpx,19
47.245241205440834,7.763669362990186,WF 19 Aarwangen - Zofingen,wf19aarwangenzofingen.gpx,0
47.24802629719488,7.777320910710841,WF 19 Aarwangen - Zofingen,wf19aarwangenzofingen.gpx,1
47.25458042230457,7.787089586025104,WF 19 Aarwangen - Zofingen,wf19aarwangenzofingen.gpx,2
47.26216931059025,7.795304516330361,WF 19 Aarwangen - Zofingen,wf19aarwangenzofingen.gpx,3
47.26189630571753,7.80860265600495,WF 19 Aarwangen - Zofingen,wf19aarwangenzofingen.gpx,4
47.26372483163141,7.822407256113365,WF 19 Aarwangen - Zofingen,wf19aarwangenzofingen.gpx,5
47.26611104980111,7.836510309716687,WF 19 Aarwangen - Zofingen,wf19aarwangenzofingen.gpx,6
47.27353968913667,7.844020527089015,WF 19 Aarwangen - Zofingen,wf19aarwangenzofingen.gpx,7
47.27949029998854,7.854209799319506,WF 19 Aarwangen - Zofingen,wf19aarwangenzofingen.gpx,8
47.2837699088268,7.866049580276012,WF 19 Aarwangen - Zofingen,wf19aarwangenzofingen.gpx,9
47.28579971427098,7.879050571704283,WF 19 Aarwangen - Zofingen,wf19aarwangenzofingen.gpx,10
47.28426144900732,7.892339544603601,WF 19 Aarwangen - Zofingen,wf19aarwangenzofingen.gpx,11
47.27581983944401,7.897150005912408,WF 19 Aarwangen - Zofingen,wf19aarwangenzofingen.gpx,12
47.28476990596391,7.899090584833175,WF 19 Aarwangen - Zofingen,wf19aarwangenzofingen.gpx,13
47.28923975629732,7.91079010698013,WF 19 Aarwangen - Zofingen,wf19aarwangenzofingen.gpx,14
47.28905984596349,7.924239448271692,WF 19 Aarwangen - Zofingen,wf19aarwangenzofingen.gpx,15
47.28708968637511,7.937189500546083,WF 19 Aarwangen - Zofingen,wf19aarwangenzofingen.gpx,16
47.28822217392735,7.942974300822243,WF 19 Aarwangen - Zofingen,wf19aarwangenzofingen.gpx,17
47.28842258476652,7.94363055517897,WF 20 Zofingen - Aarau,wf20zofingenaarau.gpx,0
47.29718494461849,7.9469645619392395,WF 20 Zofingen - Aarau,wf20zofingenaarau.gpx,1
47.302900429815054,7.957220540614799,WF 20 Zofingen - Aarau,wf20zofingenaarau.gpx,2
47.307690382003784,7.968449475243688,WF 20 Zofingen - Aarau,wf20zofingenaarau.gpx,3
47.31449017371051,7.977230172138661,WF 20 Zofingen - Aarau,wf20zofingenaarau.gpx,4
47.32252939767204,7.98320958414115,WF 20 Zofingen - Aarau,wf20zofingenaarau.gpx,5
47.32840143959038,7.993342357221991,WF 20 Zofingen - Aarau,wf20zofingenaarau.gpx,6
47.33393920189701,8.003960719332099,WF 20 Zofingen - Aarau,wf20zofingenaarau.gpx,7
47.34070395748131,8.012732732575387,WF 20 Zofingen - Aarau,wf20zofingenaarau.gpx,8
47.34970820113085,8.011692728381604,WF 20 Zofingen - Aarau,wf20zofingenaarau.gpx,9
47.35833012126386,8.015900662634522,WF 20 Zofingen - Aarau,wf20zofingenaarau.gpx,10
47.36501043802127,8.024820259772241,WF 20 Zofingen - Aarau,wf20zofingenaarau.gpx,11
47.372849049046636,8.031545187346637,WF 20 Zofingen - Aarau,wf20zofingenaarau.gpx,12
47.3818914135918,8.032559454906732,WF 20 Zofingen - Aarau,wf20zofingenaarau.gpx,13
47.3874264920596,8.04317005770281,WF 20 Zofingen - Aarau,wf20zofingenaarau.gpx,14
47.39095902000554,8.052314742933959,WF 20 Zofingen - Aarau,wf20zofingenaarau.gpx,15
47.39093809016049,8.052318064961582,WF 21 Aarau - Lenzburg,wf21aaraulenzburg.gpx,0
47.382047093240544,8.05550706712529,WF 21 Aarau - Lenzburg,wf21aaraulenzburg.gpx,1
47.37855909881182,8.068166072946042,WF 21 Aarau - Lenzburg,wf21aaraulenzburg.gpx,2
47.37257709191181,8.078284075018018,WF 21 Aarau - Lenzburg,wf21aaraulenzburg.gpx,3
47.370338099775836,8.091311074327677,WF 21 Aarau - Lenzburg,wf21aaraulenzburg.gpx,4
47.37140510883182,8.104712080210447,WF 21 Aarau - Lenzburg,wf21aaraulenzburg.gpx,5
47.37061110767536,8.118314082268625,WF 21 Aarau - Lenzburg,wf21aaraulenzburg.gpx,6
47.372652106685564,8.131264089141041,WF 21 Aarau - Lenzburg,wf21aaraulenzburg.gpx,7
47.377361096674576,8.142691076733172,WF 21 Aarau - Lenzburg,wf21aaraulenzburg.gpx,8
47.38474609539844,8.150974072515965,WF 21 Aarau - Lenzburg,wf21aaraulenzburg.gpx,9
47.37839110544883,8.160500079393387,WF 21 Aarau - Lenzburg,wf21aaraulenzburg.gpx,10
47.38584510330111,8.168422082904726,WF 21 Aarau - Lenzburg,wf21aaraulenzburg.gpx,11
47.386784102069214,8.181787073612213,WF 21 Aarau - Lenzburg,wf21aaraulenzburg.gpx,12
47.390973093919456,8.170240080915391,WF 21 Aarau - Lenzburg,wf21aaraulenzburg.gpx,13
47.39094884414226,8.17031545797363,WF 22 Lenzburg - Brugg,wf22lenzburgbrugg.gpx,0
47.3912624551449,8.18360082898289,WF 22 Lenzburg - Brugg,wf22lenzburgbrugg.gpx,1
47.39965025568381,8.188419568818063,WF 22 Lenzburg - Brugg,wf22lenzburgbrugg.gpx,2
47.40209040953778,8.175559608265758,WF 22 Lenzburg - Brugg,wf22lenzburgbrugg.gpx,3
47.409780387301,8.168669999111444,WF 22 Lenzburg - Brugg,wf22lenzburgbrugg.gpx,4
47.4178099995479,8.162629811093211,WF 22 Lenzburg - Brugg,wf22lenzburgbrugg.gpx,5
47.42678923578933,8.163631913717836,WF 22 Lenzburg - Brugg,wf22lenzburgbrugg.gpx,6
47.43580034375191,8.165139858610928,WF 22 Lenzburg - Brugg,wf22lenzburgbrugg.gpx,7
47.444820487871766,8.165489634498954,WF 22 Lenzburg - Brugg,wf22lenzburgbrugg.gpx,8
47.453809896018356,8.16457004379481,WF 22 Lenzburg - Brugg,wf22lenzburgbrugg.gpx,9
47.46027055662125,8.173839767463505,WF 22 Lenzburg - Brugg,wf22lenzburgbrugg.gpx,10
47.463969700271264,8.186099840793759,WF 22 Lenzburg - Brugg,wf22lenzburgbrugg.gpx,11
47.46989024267532,8.196269606240094,WF 22 Lenzburg - Brugg,wf22lenzburgbrugg.gpx,12
47.47367967967875,8.208390192128718,WF 22 Lenzburg - Brugg,wf22lenzburgbrugg.gpx,13
47.481018907856196,8.208554732147604,WF 22 Lenzburg - Brugg,wf22lenzburgbrugg.gpx,14
47.48141000443138,8.210604961961508,WF 23 Brugg - Baden,wf23bruggbaden.gpx,0
47.48153005493805,8.22458041831851,WF 23 Brugg - Baden,wf23bruggbaden.gpx,1
47.48546993220225,8.236629686784,WF 23 Brugg - Baden,wf23bruggbaden.gpx,2
47.493509746855125,8.242780581116676,WF 23 Brugg - Baden,wf23bruggbaden.gpx,3
47.497300217160955,8.25496039353311,WF 23 Brugg - Baden,wf23bruggbaden.gpx,4
47.49013995658606,8.263060724828392,WF 23 Brugg - Baden,wf23bruggbaden.gpx,5
47.4839298510924,8.273030024487525,WF 23 Brugg - Baden,wf23bruggbaden.gpx,6
47.485219669295475,8.286400080658495,WF 23 Brugg - Baden,wf23bruggbaden.gpx,7
47.48410012712702,8.29964955151081,WF 23 Brugg - Baden,wf23bruggbaden.gpx,8
47.481680321507156,8.312890390399843,WF 23 Brugg - Baden,wf23bruggbaden.gpx,9
47.476395344827324,8.30796783277765,WF 23 Brugg - Baden,wf23bruggbaden.gpx,10
47.476408092770725,8.307862079702318,WF 24 Baden - Zürich,wf24badenzurich.gpx,0
47.46736009302549,8.307459076866508,WF 24 Baden - Zürich,wf24badenzurich.gpx,1
47.45916008576751,8.313010069075972,WF 24 Baden - Zürich,wf24badenzurich.gpx,2
47.456700089620426,8.325820076279342,WF 24 Baden - Zürich,wf24badenzurich.gpx,3
47.449320091400295,8.33358006970957,WF 24 Baden - Zürich,wf24badenzurich.gpx,4
47.44097009208053,8.33922007214278,WF 24 Baden - Zürich,wf24badenzurich.gpx,5
47.435381091199815,8.349750076886266,WF 24 Baden - Zürich,wf24badenzurich.gpx,6
47.43296009581536,8.36263007344678,WF 24 Baden - Zürich,wf24badenzurich.gpx,7
47.43105009337887,8.375650071073323,WF 24 Baden - Zürich,wf24badenzurich.gpx,8
47.42839009617455,8.388460071291775,WF 24 Baden - Zürich,wf24badenzurich.gpx,9
47.429820112651214,8.402160086203367,WF 24 Baden - Zürich,wf24badenzurich.gpx,10
47.42969011771493,8.416110089514405,WF 24 Baden - Zürich,wf24badenzurich.gpx,11
47.425860113231465,8.428380093537271,WF 24 Baden - Zürich,wf24badenzurich.gpx,12
47.417990093585104,8.43542007310316,WF 24 Baden - Zürich,wf24badenzurich.gpx,13
47.40888009639457,8.436130072921515,WF 24 Baden - Zürich,wf24badenzurich.gpx,14
47.409900094382465,8.449430081062019,WF 24 Baden - Zürich,wf24badenzurich.gpx,15
47.40491009387188,8.461400079075247,WF 24 Baden - Zürich,wf24badenzurich.gpx,16
47.40416009398177,8.474890078883618,WF 24 Baden - Zürich,wf24badenzurich.gpx,17
47.4008400964085,8.487300084438175,WF 24 Baden - Zürich,wf24badenzurich.gpx,18
47.39827009756118,8.500110084190965,WF 24 Baden - Zürich,wf24badenzurich.gpx,19
47.39494010177441,8.51248007779941,WF 24 Baden - Zürich,wf24badenzurich.gpx,20
47.39144109818153,8.524791072588414,WF 24 Baden - Zürich,wf24badenzurich.gpx,21
47.38567009475082,8.53514007665217,WF 24 Baden - Zürich,wf24badenzurich.gpx,22
47.37872109957971,8.541490076575428,WF 24 Baden - Zürich,wf24badenzurich.gpx,23
47.37874109833501,8.541485073976219,WF 25 Zürich - Kloten,wf25zurichkloten.gpx,0
47.38610012130812,8.549590102396905,WF 25 Zürich - Kloten,wf25zurichkloten.gpx,1
47.38960015005432,8.562061125412583,WF 25 Zürich - Kloten,wf25zurichkloten.gpx,2
47.393590128747746,8.574040103238076,WF 25 Zürich - Kloten,wf25zurichkloten.gpx,3
47.39319011033513,8.587319092359394,WF 25 Zürich - Kloten,wf25zurichkloten.gpx,4
47.40022010472603,8.595690087415278,WF 25 Zürich - Kloten,wf25zurichkloten.gpx,5
47.40748010016978,8.587810087949038,WF 25 Zürich - Kloten,wf25zurichkloten.gpx,6
47.415530102327466,8.593790088780224,WF 25 Zürich - Kloten,wf25zurichkloten.gpx,7
47.42432011128403,8.589261099230498,WF 25 Zürich - Kloten,wf25zurichkloten.gpx,8
47.431150106713176,8.58033108804375,WF 25 Zürich - Kloten,wf25zurichkloten.gpx,9
47.439000107347965,8.587160096503794,WF 25 Zürich - Kloten,wf25zurichkloten.gpx,10
47.447820108383894,8.583930094260722,WF 25 Zürich - Kloten,wf25zurichkloten.gpx,11
47.44853910151869,8.583626083098352,WF 25 Zürich - Kloten,wf25zurichkloten.gpx,12
47.44859810988419,8.583565081469715,WF 26 Kloten - Eglisau,wf26kloteneglisau.gpx,0
47.45763010182418,8.584431081078947,WF 26 Kloten - Eglisau,wf26kloteneglisau.gpx,1
47.46678011538461,8.582839096430689,WF 26 Kloten - Eglisau,wf26kloteneglisau.gpx,2
47.4755711320322,8.58565011061728,WF 26 Kloten - Eglisau,wf26kloteneglisau.gpx,3
47.48376012663357,8.578951104078442,WF 26 Kloten - Eglisau,wf26kloteneglisau.gpx,4
47.492870134534314,8.577571108937263,WF 26 Kloten - Eglisau,wf26kloteneglisau.gpx,5
47.501910138642415,8.576720116659999,WF 26 Kloten - Eglisau,wf26kloteneglisau.gpx,6
47.51062013441697,8.572760107927024,WF 26 Kloten - Eglisau,wf26kloteneglisau.gpx,7
47.51608111872338,8.562170092016459,WF 26 Kloten - Eglisau,wf26kloteneglisau.gpx,8
47.518890098668635,8.549460078589618,WF 26 Kloten - Eglisau,wf26kloteneglisau.gpx,9
47.52201010263525,8.536250081844628,WF 26 Kloten - Eglisau,wf26kloteneglisau.gpx,10
47.528650098480284,8.527210079599172,WF 26 Kloten - Eglisau,wf26kloteneglisau.gpx,11
47.53760010423139,8.524470081552863,WF 26 Kloten - Eglisau,wf26kloteneglisau.gpx,12
47.54672010266222,8.523679082747549,WF 26 Kloten - Eglisau,wf26kloteneglisau.gpx,13
47.55569009762257,8.522490075789392,WF 26 Kloten - Eglisau,wf26kloteneglisau.gpx,14
47.564261105144396,8.518450083676726,WF 26 Kloten - Eglisau,wf26kloteneglisau.gpx,15
47.57262209337205,8.516273079905659,WF 26 Kloten - Eglisau,wf26kloteneglisau.gpx,16
47.5728960915003,8.516097081359476,WF 27 Eglisau - Schaffhausen,wf27eglisauschaffhausen.gpx,0
47.578790101921186,8.526401079259813,WF 27 Eglisau - Schaffhausen,wf27eglisauschaffhausen.gpx,1
47.580430125584826,8.539821099024266,WF 27 Eglisau - Schaffhausen,wf27eglisauschaffhausen.gpx,2
47.57780011952855,8.552591093815863,WF 27 Eglisau - Schaffhausen,wf27eglisauschaffhausen.gpx,3
47.574830116005614,8.56527009094134,WF 27 Eglisau - Schaffhausen,wf27eglisauschaffhausen.gpx,4
47.57751008984633,8.578031063079834,WF 27 Eglisau - Schaffhausen,wf27eglisauschaffhausen.gpx,5
47.58626008476131,8.573531069792807,WF 27 Eglisau - Schaffhausen,wf27eglisauschaffhausen.gpx,6
47.59356009331532,8.581420070491731,WF 27 Eglisau - Schaffhausen,wf27eglisauschaffhausen.gpx,7
47.597410088870674,8.59354006825015,WF 27 Eglisau - Schaffhausen,wf27eglisauschaffhausen.gpx,8
47.606520087691024,8.595230070874095,WF 27 Eglisau - Schaffhausen,wf27eglisauschaffhausen.gpx,9
47.61228008731268,8.605520074255764,WF 27 Eglisau - Schaffhausen,wf27eglisauschaffhausen.gpx,10
47.62113008857705,8.602520077489316,WF 27 Eglisau - Schaffhausen,wf27eglisauschaffhausen.gpx,11
47.62978008715436,8.59796007303521,WF 27 Eglisau - Schaffhausen,wf27eglisauschaffhausen.gpx,12
47.63875008514151,8.596680068876594,WF 27 Eglisau - Schaffhausen,wf27eglisauschaffhausen.gpx,13
47.64553009509109,8.6056700758636,WF 27 Eglisau - Schaffhausen,wf27eglisauschaffhausen.gpx,14
47.65479109645821,8.605870073195547,WF 27 Eglisau - Schaffhausen,wf27eglisauschaffhausen.gpx,15
47.663670101668686,8.608570088632405,WF 27 Eglisau - Schaffhausen,wf27eglisauschaffhausen.gpx,16
47.67267009196803,8.608991069719195,WF 27 Eglisau - Schaffhausen,wf27eglisauschaffhausen.gpx,17
47.67497009644285,8.621940078679472,WF 27 Eglisau - Schaffhausen,wf27eglisauschaffhausen.gpx,18
47.68309009587392,8.627760077826679,WF 27 Eglisau - Schaffhausen,wf27eglisauschaffhausen.gpx,19
47.69209009385668,8.628050076309592,WF 27 Eglisau - Schaffhausen,wf27eglisauschaffhausen.gpx,20
47.6952500983607,8.64060007268563,WF 27 Eglisau - Schaffhausen,wf27eglisauschaffhausen.gpx,21
47.6980631002225,8.632962082978338,WF 27 Eglisau - Schaffhausen,wf27eglisauschaffhausen.gpx,22
47.69760310323909,8.63250808417797,WF 28 Schaffhausen - Barzheim,wf28schaffhausenbarzheim.gpx,0
47.70683011459187,8.632271090522408,WF 28 Schaffhausen - Barzheim,wf28schaffhausenbarzheim.gpx,1
47.713791109621525,8.641130096744746,WF 28 Schaffhausen - Barzheim,wf28schaffhausenbarzheim.gpx,2
47.719170110533014,8.651850095950067,WF 28 Schaffhausen - Barzheim,wf28schaffhausenbarzheim.gpx,3
47.72473011352122,8.662510085385293,WF 28 Schaffhausen - Barzheim,wf28schaffhausenbarzheim.gpx,4
47.73396911728196,8.665713090449572,WF 28 Schaffhausen - Barzheim,wf28schaffhausenbarzheim.gpx,5
47.74048511404544,8.675959097687155,WF 28 Schaffhausen - Barzheim,wf28schaffhausenbarzheim.gpx,6
47.74742111610249,8.684551097918302,WF 28 Schaffhausen - Barzheim,wf28schaffhausenbarzheim.gpx,7
47.75391110568307,8.693919093813747,WF 28 Schaffhausen - Barzheim,wf28schaffhausenbarzheim.gpx,8
47.75005011097528,8.70613108575344,WF 28 Schaffhausen - Barzheim,wf28schaffhausenbarzheim.gpx,9
47.749520119745284,8.719570100307465,WF 28 Schaffhausen - Barzheim,wf28schaffhausenbarzheim.gpx,10
47.74946012394503,8.733010099735111,WF 28 Schaffhausen - Barzheim,wf28schaffhausenbarzheim.gpx,11
47.757730124052614,8.725060109514743,WF 28 Schaffhausen - Barzheim,wf28schaffhausenbarzheim.gpx,12
47.764025122858584,8.722325092647225,WF 28 Schaffhausen - Barzheim,wf28schaffhausenbarzheim.gpx,13
